Nike;Air Force
Nike;Dunk869
Nike;Air Max
Nike;Air Max 90
Nike;Flyknit610
Nike;Huarache494
Nike;Blazer486
Nike;Air Force 1
Nike;Court336
Nike;Air Max 270
Nike;Air Max 95
Nike;Air Huarache
Nike;Air Max 97
Nike;Blazer Mid
Nike;Air Max Plus
Nike;SB Dunk
Nike;Dunk Pro SB
Nike;Air Huarache Run
Nike;Air Presto
Nike;Dunk SB
Nike;Air Zoom Pegasus
Nike;Waffle One
Nike;Air Max 270 React
Nike;Offcourt103
Nike;Revolution
Nike;Air Force 1 LV
Nike;Air VapormaxFlyknit
Nike;Air More Uptempo
Nike;Air Max
Nike;Internationalist82
Nike;Air vapormaxFlyknit
Nike;Tuned
Nike;Air Force1 Shadow
Nike;Court Borough
Nike;Free Run
Nike;Daybreak
Nike;Roshe One68
Nike;Rosherun
Nike;Air Max Thea
Nike;React Vision62
Nike;Blazer
Nike;Court Vision
Nike;Victori One
Nike;Cortez
Nike;Sock Dart
Nike;React Element
Nike;Crater Impact
Nike;Court Vision
Nike;Huarache Run
Nike;Lebron
Nike;Downshifter
Nike;Air Max 90 Essential
Nike;Air Foamposite One49
